Workbook

Sheet Form responses 1
A1: Timestamp | B1: Full Name | C1: Age | D1: Consent | E1: Rate Theme 1 Image A based on the following questions: [Visual appeal] | F1: Rate Theme 1 Image A based on the following questions: [Raksha Bandhan relevance] | G1: Rate Theme 1 Image A based on the following questions: [Text readability and accuracy] | H1: Rate Theme 1 Image A based on the following questions: [E-commerce usability] | I1: Rate Theme1 Image B based on the following questions: [Visual appeal] | J1: Rate Theme1 Image B based on the following questions: [Raksha Bandhan relevance] | K1: Rate Theme1 Image B based on the following questions: [Text readability and accuracy] | L1: Rate Theme1 Image B based on the following questions: [E-commerce usability] | M1: Rate Theme 1 Image C based on the following questions: [Visual appeal] | N1: Rate Theme 1 Image C based on the following questions: [Raksha Bandhan relevance] | O1: Rate Theme 1 Image C based on the following questions: [Text readability and accuracy] | P1: Rate Theme 1 Image C based on the following questions: [E-commerce usability] | Q1: Which theme 1 image would you choose for SUVARNA JEWELS’ Raksha Bandhan campaign? | R1: Rate Theme 2 Image A based on the following questions: [Visual appeal] | S1: Rate Theme 2 Image A based on the following questions: [Raksha Bandhan relevance] | T1: Rate Theme 2 Image A based on the following questions: [Text readability and accuracy] | U1: Rate Theme 2 Image A based on the following questions: [E-commerce usability] | V1: Rate Theme 2 Image B based on the following questions: [Visual appeal] | W1: Rate Theme 2 Image B based on the following questions: [Raksha Bandhan relevance] | X1: Rate Theme 2 Image B based on the following questions: [Text readability and accuracy] | Y1: Rate Theme 2 Image B based on the following questions: [E-commerce usability] | Z1: Rate Theme 2 Image C based on the following questions: [Visual appeal] | AA1: Rate Theme 2 Image C based on the following questions: [Raksha Bandhan relevance] | AB1: Rate Theme 2 Image C based on the following questions: [Text readability and accuracy] | AC1: Rate Theme 2 Image C based on the following questions: [E-commerce usability] | AD1: Which Theme 2 image would you choose for SUVARNA JEWELS’ Modern Raksha Bandhan jewellery campaign? | AE1: Rate Theme 3 Image A based on the following questions: [Visual appeal] | AF1: Rate Theme 3 Image A based on the following questions: [Raksha Bandhan relevance] | AG1: Rate Theme 3 Image A based on the following questions: [Text readability and accuracy] | AH1: Rate Theme 3 Image A based on the following questions: [E-commerce usability] | AI1: Rate Theme 3 Image B based on the following questions: [Visual appeal] | AJ1: Rate Theme 3 Image B based on the following questions: [Raksha Bandhan relevance] | AK1: Rate Theme 3 Image B based on the following questions: [Text readability and accuracy] | AL1: Rate Theme 3 Image B based on the following questions: [E-commerce usability] | AM1: Rate Theme 3 Image C based on the following questions: [Visual appeal] | AN1: Rate Theme 3 Image C based on the following questions: [Raksha Bandhan relevance] | AO1: Rate Theme 3 Image C based on the following questions: [Text readability and accuracy] | AP1: Rate Theme 3 Image C based on the following questions: [E-commerce usability] | AQ1: Which Theme 3 image would you choose for SUVARNA JEWELS’ Sibling-Gifting Raksha Bandhan campaign?
A2: 46212.902 | B2: Rohan | C2: 18-25 | D2: I confirm that I am 18 years or older. I voluntarily participated in this evaluation. I consent to my name, email, and responses/ratings being included in this assignment submission for hiring evaluation purposes. | E2: 5 – Excellent | F2: 5 – Excellent | G2: 5 – Excellent | H2: 5 – Excellent | I2: 4 – Good | J2: 5 – Excellent | K2: 5 – Excellent | L2: 4 – Good | M2: 4 – Good | N2: 5 – Excellent | O2: 5 – Excellent | P2: 3 – Average | Q2: Theme 1 Image A | R2: 5 – Excellent | S2: 5 – Excellent | T2: 5 – Excellent | U2: 5 – Excellent | V2: 3 – Average | W2: 5 – Excellent | X2: 2 – Poor | Y2: 1 – Very Poor | Z2: 4 – Good | AA2: 5 – Excellent | AB2: 5 – Excellent | AC2: 3 – Average | AD2: Image A | AE2: 4 – Good | AF2: 5 – Excellent | AG2: 5 – Excellent | AH2: 4 – Good | AI2: 3 – Average | AJ2: 5 – Excellent | AK2: 4 – Good | AL2: 3 – Average | AM2: 3 – Average | AN2: 5 – Excellent | AO2: 1 – Very Poor | AP2: 2 – Poor | AQ2: Image A
A3: 46212.91 | B3: Chhavi | C3: 18-25 | D3: I confirm that I am 18 years or older. I voluntarily participated in this evaluation. I consent to my name, email, and responses/ratings being included in this assignment submission for hiring evaluation purposes. | E3: 5 – Excellent | F3: 5 – Excellent | G3: 5 – Excellent | H3: 5 – Excellent | I3: 5 – Excellent | J3: 5 – Excellent | K3: 5 – Excellent | L3: 5 – Excellent | M3: 5 – Excellent | N3: 5 – Excellent | O3: 5 – Excellent | P3: 5 – Excellent | Q3: Theme 1 Image B | R3: 5 – Excellent | S3: 5 – Excellent | T3: 5 – Excellent | U3: 5 – Excellent | V3: 5 – Excellent | W3: 5 – Excellent | X3: 5 – Excellent | Y3: 5 – Excellent | Z3: 5 – Excellent | AA3: 5 – Excellent | AB3: 5 – Excellent | AC3: 5 – Excellent | AD3: Image C | AE3: 5 – Excellent | AF3: 5 – Excellent | AG3: 5 – Excellent | AH3: 5 – Excellent | AI3: 5 – Excellent | AJ3: 5 – Excellent | AK3: 5 – Excellent | AL3: 5 – Excellent | AM3: 5 – Excellent | AN3: 5 – Excellent | AO3: 5 – Excellent | AP3: 5 – Excellent | AQ3: Image A
A4: 46212.918 | B4: Somya | C4: 18-25 | D4: I confirm that I am 18 years or older. I voluntarily participated in this evaluation. I consent to my name, email, and responses/ratings being included in this assignment submission for hiring evaluation purposes. | E4: 5 – Excellent | F4: 5 – Excellent | G4: 5 – Excellent | H4: 5 – Excellent | I4: 4 – Good | J4: 5 – Excellent | K4: 5 – Excellent | L4: 4 – Good | M4: 5 – Excellent | N4: 5 – Excellent | O4: 5 – Excellent | P4: 4 – Good | Q4: Theme 1 Image A | R4: 5 – Excellent | S4: 4 – Good | T4: 5 – Excellent | U4: 5 – Excellent | V4: 3 – Average | W4: 4 – Good | X4: 4 – Good | Y4: 4 – Good | Z4: 4 – Good | AA4: 5 – Excellent | AB4: 4 – Good | AC4: 5 – Excellent | AD4: Image A | AE4: 5 – Excellent | AF4: 5 – Excellent | AG4: 5 – Excellent | AH4: 5 – Excellent | AI4: 4 – Good | AJ4: 5 – Excellent | AK4: 5 – Excellent | AL4: 5 – Excellent | AM4: 5 – Excellent | AN4: 5 – Excellent | AO4: 5 – Excellent | AP4: 5 – Excellent | AQ4: Image A
A5: 46212.921 | B5: Aadi | C5: 18-25 | D5: I confirm that I am 18 years or older. I voluntarily participated in this evaluation. I consent to my name, email, and responses/ratings being included in this assignment submission for hiring evaluation purposes. | E5: 4 – Good | F5: 4 – Good | G5: 4 – Good | H5: 5 – Excellent | I5: 4 – Good | J5: 4 – Good | K5: 4 – Good | L5: 5 – Excellent | M5: 4 – Good | N5: 2 – Poor | O5: 4 – Good | P5: 2 – Poor | Q5: Theme 1 Image A | R5: 3 – Average | S5: 3 – Average | T5: 4 – Good | U5: 3 – Average | V5: 3 – Average | W5: 3 – Average | X5: 4 – Good | Y5: 3 – Average | Z5: 4 – Good | AA5: 3 – Average | AB5: 4 – Good | AC5: 4 – Good | AD5: Image C | AE5: 4 – Good | AF5: 4 – Good | AG5: 4 – Good | AH5: 4 – Good | AI5: 3 – Average | AJ5: 4 – Good | AK5: 4 – Good | AL5: 3 – Average | AM5: 4 – Good | AN5: 4 – Good | AO5: 4 – Good | AP5: 3 – Average | AQ5: Image A
A6: 46212.922 | B6: Kashish pandey | C6: 18-25 | D6: I confirm that I am 18 years or older. I voluntarily participated in this evaluation. I consent to my name, email, and responses/ratings being included in this assignment submission for hiring evaluation purposes. | E6: 4 – Good | F6: 4 – Good | G6: 5 – Excellent | H6: 5 – Excellent | I6: 4 – Good | J6: 3 – Average | K6: 5 – Excellent | L6: 5 – Excellent | M6: 4 – Good | N6: 4 – Good | O6: 5 – Excellent | P6: 5 – Excellent | Q6: Theme 1 Image A | R6: 4 – Good | S6: 3 – Average | T6: 4 – Good | U6: 4 – Good | V6: 3 – Average | W6: 3 – Average | X6: 5 – Excellent | Y6: 4 – Good | Z6: 3 – Average | AA6: 3 – Average | AB6: 5 – Excellent | AC6: 4 – Good | AD6: Image A | AE6: 4 – Good | AF6: 5 – Excellent | AG6: 5 – Excellent | AH6: 5 – Excellent | AI6: 4 – Good | AJ6: 4 – Good | AK6: 5 – Excellent | AL6: 5 – Excellent | AM6: 4 – Good | AN6: 5 – Excellent | AO6: 5 – Excellent | AP6: 5 – Excellent | AQ6: Image C
A7: 46212.924 | B7: Sonia | C7: 18-25 | D7: I confirm that I am 18 years or older. I voluntarily participated in this evaluation. I consent to my name, email, and responses/ratings being included in this assignment submission for hiring evaluation purposes. | E7: 4 – Good | F7: 3 – Average | G7: 4 – Good | H7: 4 – Good | I7: 4 – Good | J7: 4 – Good | K7: 4 – Good | L7: 4 – Good | M7: 4 – Good | N7: 3 – Average | O7: 4 – Good | P7: 4 – Good | Q7: Theme 1 Image B | R7: 4 – Good | S7: 3 – Average | T7: 4 – Good | U7: 4 – Good | V7: 4 – Good | W7: 3 – Average | X7: 4 – Good | Y7: 4 – Good | Z7: 4 – Good | AA7: 3 – Average | AB7: 4 – Good | AC7: 4 – Good | AD7: Image B | AE7: 4 – Good | AF7: 4 – Good | AG7: 4 – Good | AH7: 4 – Good | AI7: 4 – Good | AJ7: 4 – Good | AK7: 4 – Good | AL7: 4 – Good | AM7: 4 – Good | AN7: 4 – Good | AO7: 4 – Good | AP7: 4 – Good | AQ7: Image A
A8: 46212.925 | B8: Krish | C8: 18-25 | D8: I confirm that I am 18 years or older. I voluntarily participated in this evaluation. I consent to my name, email, and responses/ratings being included in this assignment submission for hiring evaluation purposes. | E8: 4 – Good | F8: 3 – Average | G8: 5 – Excellent | H8: 4 – Good | I8: 4 – Good | J8: 4 – Good | K8: 2 – Poor | L8: 4 – Good | M8: 5 – Excellent | N8: 5 – Excellent | O8: 4 – Good | P8: 5 – Excellent | Q8: Theme 1 Image C | R8: 4 – Good | S8: 5 – Excellent | T8: 4 – Good | U8: 4 – Good | V8: 5 – Excellent | W8: 5 – Excellent | X8: 1 – Very Poor | Y8: 5 – Excellent | Z8: 4 – Good | AA8: 4 – Good | AB8: 4 – Good | AC8: 4 – Good | AD8: Image A | AE8: 4 – Good | AF8: 5 – Excellent | AG8: 4 – Good | AH8: 4 – Good | AI8: 4 – Good | AJ8: 5 – Excellent | AK8: 3 – Average | AL8: 4 – Good | AM8: 4 – Good | AN8: 5 – Excellent | AO8: 1 – Very Poor | AP8: 4 – Good | AQ8: Image A
A9: 46212.932 | B9: Sanjana Dwivedi | C9: 18-25 | D9: I confirm that I am 18 years or older. I voluntarily participated in this evaluation. I consent to my name, email, and responses/ratings being included in this assignment submission for hiring evaluation purposes. | E9: 4 – Good | F9: 3 – Average | G9: 4 – Good | H9: 4 – Good | I9: 4 – Good | J9: 3 – Average | K9: 5 – Excellent | L9: 3 – Average | M9: 5 – Excellent | N9: 4 – Good | O9: 5 – Excellent | P9: 5 – Excellent | Q9: Theme 1 Image A | R9: 4 – Good | S9: 5 – Excellent | T9: 5 – Excellent | U9: 5 – Excellent | V9: 4 – Good | W9: 4 – Good | X9: 3 – Average | Y9: 3 – Average | Z9: 4 – Good | AA9: 4 – Good | AB9: 2 – Poor | AC9: 4 – Good | AD9: Image A | AE9: 5 – Excellent | AF9: 5 – Excellent | AG9: 5 – Excellent | AH9: 5 – Excellent | AI9: 4 – Good | AJ9: 5 – Excellent | AK9: 5 – Excellent | AL9: 5 – Excellent | AM9: 4 – Good | AN9: 5 – Excellent | AO9: 3 – Average | AP9: 5 – Excellent | AQ9: Image B
A10: 46212.932 | B10: AMIT Bharadwaj | C10: 18-25 | D10: I confirm that I am 18 years or older. I voluntarily participated in this evaluation. I consent to my name, email, and responses/ratings being included in this assignment submission for hiring evaluation purposes. | E10: 4 – Good | F10: 3 – Average | G10: 4 – Good | H10: 4 – Good | I10: 4 – Good | J10: 4 – Good | K10: 4 – Good | L10: 4 – Good | M10: 5 – Excellent | N10: 5 – Excellent | O10: 4 – Good | P10: 5 – Excellent | Q10: Theme 1 Image C | R10: 4 – Good | S10: 3 – Average | T10: 3 – Average | U10: 3 – Average | V10: 5 – Excellent | W10: 3 – Average | X10: 3 – Average | Y10: 3 – Average | Z10: 4 – Good | AA10: 4 – Good | AB10: 4 – Good | AC10: 4 – Good | AD10: Image B | AE10: 5 – Excellent | AF10: 5 – Excellent | AG10: 5 – Excellent | AH10: 5 – Excellent | AI10: 4 – Good | AJ10: 5 – Excellent | AK10: 4 – Good | AL10: 4 – Good | AM10: 5 – Excellent | AN10: 5 – Excellent | AO10: 4 – Good | AP10: 4 – Good | AQ10: Image A
A11: 46213.475 | B11: Akshita | C11: 18-25 | D11: I confirm that I am 18 years or older. I voluntarily participated in this evaluation. I consent to my name, email, and responses/ratings being included in this assignment submission for hiring evaluation purposes. | E11: 3 – Average | F11: 4 – Good | G11: 3 – Average | H11: 4 – Good | I11: 4 – Good | J11: 4 – Good | K11: 4 – Good | L11: 4 – Good | M11: 5 – Excellent | N11: 5 – Excellent | O11: 5 – Excellent | P11: 5 – Excellent | Q11: Theme 1 Image C | R11: 3 – Average | S11: 2 – Poor | T11: 4 – Good | U11: 3 – Average | V11: 4 – Good | W11: 2 – Poor | X11: 3 – Average | Y11: 3 – Average | Z11: 4 – Good | AA11: 2 – Poor | AB11: 3 – Average | AC11: 3 – Average | AD11: Image A | AE11: 5 – Excellent | AF11: 5 – Excellent | AG11: 5 – Excellent | AH11: 5 – Excellent | AI11: 3 – Average | AJ11: 5 – Excellent | AK11: 4 – Good | AL11: 4 – Good | AM11: 4 – Good | AN11: 5 – Excellent | AO11: 3 – Average | AP11: 5 – Excellent | AQ11: Image A
A12: 46213.499 | B12: Dhruv Dhiman | C12: 18-25 | D12: I confirm that I am 18 years or older. I voluntarily participated in this evaluation. I consent to my name, email, and responses/ratings being included in this assignment submission for hiring evaluation purposes. | E12: 4 – Good | F12: 3 – Average | G12: 4 – Good | H12: 3 – Average | I12: 5 – Excellent | J12: 3 – Average | K12: 4 – Good | L12: 4 – Good | M12: 5 – Excellent | N12: 3 – Average | O12: 4 – Good | P12: 4 – Good | Q12: Theme 1 Image B | R12: 5 – Excellent | S12: 4 – Good | T12: 4 – Good | U12: 4 – Good | V12: 4 – Good | W12: 3 – Average | X12: 4 – Good | Y12: 4 – Good | Z12: 3 – Average | AA12: 3 – Average | AB12: 4 – Good | AC12: 3 – Average | AD12: Image A | AE12: 5 – Excellent | AF12: 5 – Excellent | AG12: 5 – Excellent | AH12: 5 – Excellent | AI12: 3 – Average | AJ12: 4 – Good | AK12: 3 – Average | AL12: 3 – Average | AM12: 2 – Poor | AN12: 4 – Good | AO12: 2 – Poor | AP12: 2 – Poor | AQ12: Image A
A13: 46213.56 | B13: Anshul | C13: 18-25 | D13: I confirm that I am 18 years or older. I voluntarily participated in this evaluation. I consent to my name, email, and responses/ratings being included in this assignment submission for hiring evaluation purposes. | E13: 3 – Average | F13: 3 – Average | G13: 3 – Average | H13: 3 – Average | I13: 4 – Good | J13: 4 – Good | K13: 4 – Good | L13: 4 – Good | M13: 4 – Good | N13: 4 – Good | O13: 4 – Good | P13: 4 – Good | Q13: Theme 1 Image C | R13: 4 – Good | S13: 4 – Good | T13: 4 – Good | U13: 4 – Good | V13: 4 – Good | W13: 4 – Good | X13: 4 – Good | Y13: 4 – Good | Z13: 4 – Good | AA13: 4 – Good | AB13: 4 – Good | AC13: 4 – Good | AD13: Image B | AE13: 4 – Good | AF13: 4 – Good | AG13: 4 – Good | AH13: 4 – Good | AI13: 4 – Good | AJ13: 4 – Good | AK13: 4 – Good | AL13: 4 – Good | AM13: 4 – Good | AN13: 4 – Good | AO13: 4 – Good | AP13: 4 – Good | AQ13: Image A

Sheet Copy of Form responses 1
A1: Timestamp | B1: Full Name | C1: Age | D1: Consent | E1: Rate Theme 1 Image A based on the following questions: [Visual appeal] | F1: Rate Theme 1 Image A based on the following questions: [Raksha Bandhan relevance] | G1: Rate Theme 1 Image A based on the following questions: [Text readability and accuracy] | H1: Rate Theme 1 Image A based on the following questions: [E-commerce usability] | I1: Rate Theme1 Image B based on the following questions: [Visual appeal] | J1: Rate Theme1 Image B based on the following questions: [Raksha Bandhan relevance] | K1: Rate Theme1 Image B based on the following questions: [Text readability and accuracy] | L1: Rate Theme1 Image B based on the following questions: [E-commerce usability] | M1: Rate Theme 1 Image C based on the following questions: [Visual appeal] | N1: Rate Theme 1 Image C based on the following questions: [Raksha Bandhan relevance] | O1: Rate Theme 1 Image C based on the following questions: [Text readability and accuracy] | P1: Rate Theme 1 Image C based on the following questions: [E-commerce usability] | Q1: Which theme 1 image would you choose for SUVARNA JEWELS’ Raksha Bandhan campaign? | R1: Rate Theme 2 Image A based on the following questions: [Visual appeal] | S1: Rate Theme 2 Image A based on the following questions: [Raksha Bandhan relevance] | T1: Rate Theme 2 Image A based on the following questions: [Text readability and accuracy] | U1: Rate Theme 2 Image A based on the following questions: [E-commerce usability] | V1: Rate Theme 2 Image B based on the following questions: [Visual appeal] | W1: Rate Theme 2 Image B based on the following questions: [Raksha Bandhan relevance] | X1: Rate Theme 2 Image B based on the following questions: [Text readability and accuracy] | Y1: Rate Theme 2 Image B based on the following questions: [E-commerce usability] | Z1: Rate Theme 2 Image C based on the following questions: [Visual appeal] | AA1: Rate Theme 2 Image C based on the following questions: [Raksha Bandhan relevance] | AB1: Rate Theme 2 Image C based on the following questions: [Text readability and accuracy] | AC1: Rate Theme 2 Image C based on the following questions: [E-commerce usability] | AD1: Which Theme 2 image would you choose for SUVARNA JEWELS’ Modern Raksha Bandhan jewellery campaign? | AE1: Rate Theme 3 Image A based on the following questions: [Visual appeal] | AF1: Rate Theme 3 Image A based on the following questions: [Raksha Bandhan relevance] | AG1: Rate Theme 3 Image A based on the following questions: [Text readability and accuracy] | AH1: Rate Theme 3 Image A based on the following questions: [E-commerce usability] | AI1: Rate Theme 3 Image B based on the following questions: [Visual appeal] | AJ1: Rate Theme 3 Image B based on the following questions: [Raksha Bandhan relevance] | AK1: Rate Theme 3 Image B based on the following questions: [Text readability and accuracy] | AL1: Rate Theme 3 Image B based on the following questions: [E-commerce usability] | AM1: Rate Theme 3 Image C based on the following questions: [Visual appeal] | AN1: Rate Theme 3 Image C based on the following questions: [Raksha Bandhan relevance] | AO1: Rate Theme 3 Image C based on the following questions: [Text readability and accuracy] | AP1: Rate Theme 3 Image C based on the following questions: [E-commerce usability] | AQ1: Which Theme 3 image would you choose for SUVARNA JEWELS’ Sibling-Gifting Raksha Bandhan campaign?
A2: 46212.902 | B2: Rohan | C2: 18-25 | D2: I confirm that I am 18 years or older. I voluntarily participated in this evaluation. I consent to my name, email, and responses/ratings being included in this assignment submission for hiring evaluation purposes. | E2: 5 | F2: 5 | G2: 5 | H2: 5 | I2: 4 | J2: 5 | K2: 5 | L2: 4 | M2: 4 | N2: 5 | O2: 5 | P2: 3 | Q2: Theme 1 Image A | R2: 5 | S2: 5 | T2: 5 | U2: 5 | V2: 3 | W2: 5 | X2: 2 | Y2: 1 | Z2: 4 | AA2: 5 | AB2: 5 | AC2: 3 | AD2: Image A | AE2: 4 | AF2: 5 | AG2: 5 | AH2: 4 | AI2: 3 | AJ2: 5 | AK2: 4 | AL2: 3 | AM2: 3 | AN2: 5 | AO2: 1 | AP2: 2 | AQ2: Image A
A3: 46212.91 | B3: Chhavi | C3: 18-25 | D3: I confirm that I am 18 years or older. I voluntarily participated in this evaluation. I consent to my name, email, and responses/ratings being included in this assignment submission for hiring evaluation purposes. | E3: 5 | F3: 5 | G3: 5 | H3: 5 | I3: 5 | J3: 5 | K3: 5 | L3: 5 | M3: 5 | N3: 5 | O3: 5 | P3: 5 | Q3: Theme 1 Image B | R3: 5 | S3: 5 | T3: 5 | U3: 5 | V3: 5 | W3: 5 | X3: 5 | Y3: 5 | Z3: 5 | AA3: 5 | AB3: 5 | AC3: 5 | AD3: Image C | AE3: 5 | AF3: 5 | AG3: 5 | AH3: 5 | AI3: 5 | AJ3: 5 | AK3: 5 | AL3: 5 | AM3: 5 | AN3: 5 | AO3: 5 | AP3: 5 | AQ3: Image A
A4: 46212.918 | B4: Somya | C4: 18-25 | D4: I confirm that I am 18 years or older. I voluntarily participated in this evaluation. I consent to my name, email, and responses/ratings being included in this assignment submission for hiring evaluation purposes. | E4: 5 | F4: 5 | G4: 5 | H4: 5 | I4: 4 | J4: 5 | K4: 5 | L4: 4 | M4: 5 | N4: 5 | O4: 5 | P4: 4 | Q4: Theme 1 Image A | R4: 5 | S4: 4 | T4: 5 | U4: 5 | V4: 3 | W4: 4 | X4: 4 | Y4: 4 | Z4: 4 | AA4: 5 | AB4: 4 | AC4: 5 | AD4: Image A | AE4: 5 | AF4: 5 | AG4: 5 | AH4: 5 | AI4: 4 | AJ4: 5 | AK4: 5 | AL4: 5 | AM4: 5 | AN4: 5 | AO4: 5 | AP4: 5 | AQ4: Image A
A5: 46212.921 | B5: Aadi | C5: 18-25 | D5: I confirm that I am 18 years or older. I voluntarily participated in this evaluation. I consent to my name, email, and responses/ratings being included in this assignment submission for hiring evaluation purposes. | E5: 4 | F5: 4 | G5: 4 | H5: 5 | I5: 4 | J5: 4 | K5: 4 | L5: 5 | M5: 4 | N5: 2 | O5: 4 | P5: 2 | Q5: Theme 1 Image A | R5: 3 | S5: 3 | T5: 4 | U5: 3 | V5: 3 | W5: 3 | X5: 4 | Y5: 3 | Z5: 4 | AA5: 3 | AB5: 4 | AC5: 4 | AD5: Image C | AE5: 4 | AF5: 4 | AG5: 4 | AH5: 4 | AI5: 3 | AJ5: 4 | AK5: 4 | AL5: 3 | AM5: 4 | AN5: 4 | AO5: 4 | AP5: 3 | AQ5: Image A
A6: 46212.922 | B6: Kashish pandey | C6: 18-25 | D6: I confirm that I am 18 years or older. I voluntarily participated in this evaluation. I consent to my name, email, and responses/ratings being included in this assignment submission for hiring evaluation purposes. | E6: 4 | F6: 4 | G6: 5 | H6: 5 | I6: 4 | J6: 3 | K6: 5 | L6: 5 | M6: 4 | N6: 4 | O6: 5 | P6: 5 | Q6: Theme 1 Image A | R6: 4 | S6: 3 | T6: 4 | U6: 4 | V6: 3 | W6: 3 | X6: 5 | Y6: 4 | Z6: 3 | AA6: 3 | AB6: 5 | AC6: 4 | AD6: Image A | AE6: 4 | AF6: 5 | AG6: 5 | AH6: 5 | AI6: 4 | AJ6: 4 | AK6: 5 | AL6: 5 | AM6: 4 | AN6: 5 | AO6: 5 | AP6: 5 | AQ6: Image C
A7: 46212.924 | B7: Sonia | C7: 18-25 | D7: I confirm that I am 18 years or older. I voluntarily participated in this evaluation. I consent to my name, email, and responses/ratings being included in this assignment submission for hiring evaluation purposes. | E7: 4 | F7: 3 | G7: 4 | H7: 4 | I7: 4 | J7: 4 | K7: 4 | L7: 4 | M7: 4 | N7: 3 | O7: 4 | P7: 4 | Q7: Theme 1 Image B | R7: 4 | S7: 3 | T7: 4 | U7: 4 | V7: 4 | W7: 3 | X7: 4 | Y7: 4 | Z7: 4 | AA7: 3 | AB7: 4 | AC7: 4 | AD7: Image B | AE7: 4 | AF7: 4 | AG7: 4 | AH7: 4 | AI7: 4 | AJ7: 4 | AK7: 4 | AL7: 4 | AM7: 4 | AN7: 4 | AO7: 4 | AP7: 4 | AQ7: Image A
A8: 46212.925 | B8: Krish | C8: 18-25 | D8: I confirm that I am 18 years or older. I voluntarily participated in this evaluation. I consent to my name, email, and responses/ratings being included in this assignment submission for hiring evaluation purposes. | E8: 4 | F8: 3 | G8: 5 | H8: 4 | I8: 4 | J8: 4 | K8: 2 | L8: 4 | M8: 5 | N8: 5 | O8: 4 | P8: 5 | Q8: Theme 1 Image C | R8: 4 | S8: 5 | T8: 4 | U8: 4 | V8: 5 | W8: 5 | X8: 1 | Y8: 5 | Z8: 4 | AA8: 4 | AB8: 4 | AC8: 4 | AD8: Image A | AE8: 4 | AF8: 5 | AG8: 4 | AH8: 4 | AI8: 4 | AJ8: 5 | AK8: 3 | AL8: 4 | AM8: 4 | AN8: 5 | AO8: 1 | AP8: 4 | AQ8: Image A
A9: 46212.932 | B9: Sanjana Dwivedi | C9: 18-25 | D9: I confirm that I am 18 years or older. I voluntarily participated in this evaluation. I consent to my name, email, and responses/ratings being included in this assignment submission for hiring evaluation purposes. | E9: 4 | F9: 3 | G9: 4 | H9: 4 | I9: 4 | J9: 3 | K9: 5 | L9: 3 | M9: 5 | N9: 4 | O9: 5 | P9: 5 | Q9: Theme 1 Image A | R9: 4 | S9: 5 | T9: 5 | U9: 5 | V9: 4 | W9: 4 | X9: 3 | Y9: 3 | Z9: 4 | AA9: 4 | AB9: 2 | AC9: 4 | AD9: Image A | AE9: 5 | AF9: 5 | AG9: 5 | AH9: 5 | AI9: 4 | AJ9: 5 | AK9: 5 | AL9: 5 | AM9: 4 | AN9: 5 | AO9: 3 | AP9: 5 | AQ9: Image B
A10: 46212.932 | B10: AMIT Bharadwaj | C10: 18-25 | D10: I confirm that I am 18 years or older. I voluntarily participated in this evaluation. I consent to my name, email, and responses/ratings being included in this assignment submission for hiring evaluation purposes. | E10: 4 | F10: 3 | G10: 4 | H10: 4 | I10: 4 | J10: 4 | K10: 4 | L10: 4 | M10: 5 | N10: 5 | O10: 4 | P10: 5 | Q10: Theme 1 Image C | R10: 4 | S10: 3 | T10: 3 | U10: 3 | V10: 5 | W10: 3 | X10: 3 | Y10: 3 | Z10: 4 | AA10: 4 | AB10: 4 | AC10: 4 | AD10: Image B | AE10: 5 | AF10: 5 | AG10: 5 | AH10: 5 | AI10: 4 | AJ10: 5 | AK10: 4 | AL10: 4 | AM10: 5 | AN10: 5 | AO10: 4 | AP10: 4 | AQ10: Image A
A11: 46213.475 | B11: Akshita | C11: 18-25 | D11: I confirm that I am 18 years or older. I voluntarily participated in this evaluation. I consent to my name, email, and responses/ratings being included in this assignment submission for hiring evaluation purposes. | E11: 3 | F11: 4 | G11: 3 | H11: 4 | I11: 4 | J11: 4 | K11: 4 | L11: 4 | M11: 5 | N11: 5 | O11: 5 | P11: 5 | Q11: Theme 1 Image C | R11: 3 | S11: 2 | T11: 4 | U11: 3 | V11: 4 | W11: 2 | X11: 3 | Y11: 3 | Z11: 4 | AA11: 2 | AB11: 3 | AC11: 3 | AD11: Image A | AE11: 5 | AF11: 5 | AG11: 5 | AH11: 5 | AI11: 3 | AJ11: 5 | AK11: 4 | AL11: 4 | AM11: 4 | AN11: 5 | AO11: 3 | AP11: 5 | AQ11: Image A
A12: 46213.499 | B12: Dhruv Dhiman | C12: 18-25 | D12: I confirm that I am 18 years or older. I voluntarily participated in this evaluation. I consent to my name, email, and responses/ratings being included in this assignment submission for hiring evaluation purposes. | E12: 4 | F12: 3 | G12: 4 | H12: 3 | I12: 5 | J12: 3 | K12: 4 | L12: 4 | M12: 5 | N12: 3 | O12: 4 | P12: 4 | Q12: Theme 1 Image B | R12: 5 | S12: 4 | T12: 4 | U12: 4 | V12: 4 | W12: 3 | X12: 4 | Y12: 4 | Z12: 3 | AA12: 3 | AB12: 4 | AC12: 3 | AD12: Image A | AE12: 5 | AF12: 5 | AG12: 5 | AH12: 5 | AI12: 3 | AJ12: 4 | AK12: 3 | AL12: 3 | AM12: 2 | AN12: 4 | AO12: 2 | AP12: 2 | AQ12: Image A
A13: 46213.56 | B13: Anshul | C13: 18-25 | D13: I confirm that I am 18 years or older. I voluntarily participated in this evaluation. I consent to my name, email, and responses/ratings being included in this assignment submission for hiring evaluation purposes. | E13: 3 | F13: 3 | G13: 3 | H13: 3 | I13: 4 | J13: 4 | K13: 4 | L13: 4 | M13: 4 | N13: 4 | O13: 4 | P13: 4 | Q13: Theme 1 Image C | R13: 4 | S13: 4 | T13: 4 | U13: 4 | V13: 4 | W13: 4 | X13: 4 | Y13: 4 | Z13: 4 | AA13: 4 | AB13: 4 | AC13: 4 | AD13: Image B | AE13: 4 | AF13: 4 | AG13: 4 | AH13: 4 | AI13: 4 | AJ13: 4 | AK13: 4 | AL13: 4 | AM13: 4 | AN13: 4 | AO13: 4 | AP13: 4 | AQ13: Image A
D17: AVERAGE | E17: =AVERAGE(Form_Responses_2[Rate Theme 1 Image A based on the following questions: '[Visual appeal']]) -> 4.0833333 | F17: =AVERAGE(Form_Responses_2[Rate Theme 1 Image A based on the following questions: '[Raksha Bandhan relevance']]) -> 3.75 | G17: =AVERAGE(Form_Responses_2[Rate Theme 1 Image A based on the following questions: '[Text readability and accuracy']]) -> 4.25 | H17: =AVERAGE(Form_Responses_2[Rate Theme 1 Image A based on the following questions: '[E-commerce usability']]) -> 4.25 | I17: =AVERAGE(Form_Responses_2[Rate Theme1 Image B based on the following questions: '[Visual appeal']]) -> 4.1666667 | J17: =AVERAGE(Form_Responses_2[Rate Theme1 Image B based on the following questions: '[Raksha Bandhan relevance']]) -> 4 | K17: =AVERAGE(Form_Responses_2[Rate Theme1 Image B based on the following questions: '[Text readability and accuracy']]) -> 4.25 | L17: =AVERAGE(Form_Responses_2[Rate Theme1 Image B based on the following questions: '[E-commerce usability']]) -> 4.1666667 | M17: =AVERAGE(Form_Responses_2[Rate Theme 1 Image C based on the following questions: '[Visual appeal']]) -> 4.5833333 | N17: =AVERAGE(Form_Responses_2[Rate Theme 1 Image C based on the following questions: '[Raksha Bandhan relevance']]) -> 4.1666667 | O17: =AVERAGE(Form_Responses_2[Rate Theme 1 Image C based on the following questions: '[Text readability and accuracy']]) -> 4.5 | P17: =AVERAGEA(Form_Responses_2[Rate Theme 1 Image C based on the following questions: '[E-commerce usability']]) -> 4.25 | R17: =AVERAGE(Form_Responses_2[Rate Theme 2 Image A based on the following questions: '[Visual appeal']]) -> 4.1666667 | S17: =AVERAGE(Form_Responses_2[Rate Theme 2 Image A based on the following questions: '[Raksha Bandhan relevance']]) -> 3.8333333 | T17: =AVERAGE(Form_Responses_2[Rate Theme 2 Image A based on the following questions: '[Text readability and accuracy']]) -> 4.25 | U17: =AVERAGE(Form_Responses_2[Rate Theme 2 Image A based on the following questions: '[E-commerce usability']]) -> 4.0833333 | V17: =AVERAGE(Form_Responses_2[Rate Theme 2 Image B based on the following questions: '[Visual appeal']]) -> 3.9166667 | W17: =AVERAGE(Form_Responses_2[Rate Theme 2 Image B based on the following questions: '[Raksha Bandhan relevance']]) -> 3.6666667 | X17: =AVERAGE(Form_Responses_2[Rate Theme 2 Image B based on the following questions: '[Text readability and accuracy']]) -> 3.5 | Y17: =AVERAGE(Form_Responses_2[Rate Theme 2 Image B based on the following questions: '[E-commerce usability']]) -> 3.5833333 | Z17: =AVERAGE(Form_Responses_2[Rate Theme 2 Image C based on the following questions: '[Visual appeal']]) -> 3.9166667 | AA17: =AVERAGE(Form_Responses_2[Rate Theme 2 Image C based on the following questions: '[Raksha Bandhan relevance']]) -> 3.75 | AB17: =AVERAGE(Form_Responses_2[Rate Theme 2 Image C based on the following questions: '[Text readability and accuracy']]) -> 4 | AC17: =AVERAGE(Form_Responses_2[Rate Theme 2 Image C based on the following questions: '[E-commerce usability']]) -> 3.9166667 | AD17: =COUNTIF(Form_Responses_2[Which Theme 2 image would you choose for SUVARNA JEWELS’ Modern Raksha Bandhan jewellery campaign?], "Image A") -> 7 | AE17: =AVERAGE(Form_Responses_2[Rate Theme 3 Image A based on the following questions: '[Visual appeal']]) -> 4.5 | AF17: =AVERAGE(Form_Responses_2[Rate Theme 3 Image A based on the following questions: '[Raksha Bandhan relevance']]) -> 4.75 | AG17: =AVERAGE(Form_Responses_2[Rate Theme 3 Image A based on the following questions: '[Text readability and accuracy']]) -> 4.6666667 | AH17: =AVERAGE(Form_Responses_2[Rate Theme 3 Image A based on the following questions: '[E-commerce usability']]) -> 4.5833333 | AI17: =AVERAGE(Form_Responses_2[Rate Theme 3 Image B based on the following questions: '[Visual appeal']]) -> 3.75 | AJ17: =AVERAGE(Form_Responses_2[Rate Theme 3 Image B based on the following questions: '[Raksha Bandhan relevance']]) -> 4.5833333 | AK17: =AVERAGE(Form_Responses_2[Rate Theme 3 Image B based on the following questions: '[Text readability and accuracy']]) -> 4.1666667 | AL17: =AVERAGE(Form_Responses_2[Rate Theme 3 Image B based on the following questions: '[E-commerce usability']]) -> 4.0833333 | AM17: =AVERAGE(Form_Responses_2[Rate Theme 3 Image C based on the following questions: '[Visual appeal']]) -> 4 | AN17: =AVERAGE(Form_Responses_2[Rate Theme 3 Image C based on the following questions: '[Raksha Bandhan relevance']]) -> 4.6666667 | AO17: =AVERAGE(Form_Responses_2[Rate Theme 3 Image C based on the following questions: '[Text readability and accuracy']]) -> 3.4166667 | AP17: =AVERAGE(Form_Responses_2[Rate Theme 3 Image C based on the following questions: '[E-commerce usability']]) -> 4 | AQ17: =COUNTIF(Form_Responses_2[Which Theme 3 image would you choose for SUVARNA JEWELS’ Sibling-Gifting Raksha Bandhan campaign? ], "Image A") -> 10

Sheet Analysis
A1: Column1 | B1: Image / Model | C1: Visual Appeal | D1: Rakhi Relevance | E1: Text Accuracy | F1: E-commerce Usability | G1: Overall Avg
A2: Theme 1 | B2: A - GPT | C2: =AVERAGE('Copy of Form responses 1'!E2:E13) -> 4.0833333 | D2: =AVERAGE('Copy of Form responses 1'!F2:F13) -> 3.75 | E2: =AVERAGE('Copy of Form responses 1'!G2:G13) -> 4.25 | F2: =AVERAGE('Copy of Form responses 1'!H2:H13) -> 4.25 | G2: =AVERAGE(C2:F2) -> 4.0833333
A3: Theme 1 | B3: B - Gemini 3.5 Flash | C3: =AVERAGE('Copy of Form responses 1'!I2:I13) -> 4.1666667 | D3: =AVERAGE('Copy of Form responses 1'!J2:J13) -> 4 | E3: =AVERAGE('Copy of Form responses 1'!K2:K13) -> 4.25 | F3: =AVERAGE('Copy of Form responses 1'!L2:L13) -> 4.1666667 | G3: =AVERAGE(C3:F3) -> 4.1458333
A4: Theme 1 | B4: C - Gemini 3.1 Flash-Lite | C4: =AVERAGE('Copy of Form responses 1'!M2:M13) -> 4.5833333 | D4: =AVERAGE('Copy of Form responses 1'!N2:N13) -> 4.1666667 | E4: =AVERAGE('Copy of Form responses 1'!O2:O13) -> 4.5 | F4: =AVERAGE('Copy of Form responses 1'!P2:P13) -> 4.25 | G4: =AVERAGE(C4:F4) -> 4.375
A5: Theme 2 | B5: A - GPT | C5: =AVERAGE('Copy of Form responses 1'!R2:R13) -> 4.1666667 | D5: =AVERAGE('Copy of Form responses 1'!S2:S13) -> 3.8333333 | E5: =AVERAGE('Copy of Form responses 1'!T2:T13) -> 4.25 | F5: =AVERAGE('Copy of Form responses 1'!U2:U13) -> 4.0833333 | G5: =AVERAGE(C5:F5) -> 4.0833333
A6: Theme 2 | B6: B - Gemini 3.5 Flash | C6: =AVERAGE('Copy of Form responses 1'!V2:V13) -> 3.9166667 | D6: =AVERAGE('Copy of Form responses 1'!W2:W13) -> 3.6666667 | E6: =AVERAGE('Copy of Form responses 1'!X2:X13) -> 3.5 | F6: =AVERAGE('Copy of Form responses 1'!Y2:Y13) -> 3.5833333 | G6: =AVERAGE(C6:F6) -> 3.6666667
A7: Theme 2 | B7: C - Gemini 3.1 Flash-Lite | C7: =AVERAGE('Copy of Form responses 1'!Z2:Z13) -> 3.9166667 | D7: =AVERAGE('Copy of Form responses 1'!AA2:AA13) -> 3.75 | E7: =AVERAGE('Copy of Form responses 1'!AB2:AB13) -> 4 | F7: =AVERAGE('Copy of Form responses 1'!AC2:AC13) -> 3.9166667 | G7: =AVERAGE(C7:F7) -> 3.8958333
A8: Theme 3 | B8: A - GPT | C8: =AVERAGE('Copy of Form responses 1'!AE2:AE13) -> 4.5 | D8: =AVERAGE('Copy of Form responses 1'!AF2:AF13) -> 4.75 | E8: =AVERAGE('Copy of Form responses 1'!AG2:AG13) -> 4.6666667 | F8: =AVERAGE('Copy of Form responses 1'!AH2:AH13) -> 4.5833333 | G8: =AVERAGE(C8:F8) -> 4.625
A9: Theme 3 | B9: B - Gemini 3.5 Flash | C9: =AVERAGE('Copy of Form responses 1'!AI2:AI13) -> 3.75 | D9: =AVERAGE('Copy of Form responses 1'!AJ2:AJ13) -> 4.5833333 | E9: =AVERAGE('Copy of Form responses 1'!AK2:AK13) -> 4.1666667 | F9: =AVERAGE('Copy of Form responses 1'!AL2:AL13) -> 4.0833333 | G9: =AVERAGE(C9:F9) -> 4.1458333
A10: Theme 3 | B10: C - Gemini 3.1 Flash-Lite | C10: =AVERAGE('Copy of Form responses 1'!AM2:AM13) -> 4 | D10: =AVERAGE('Copy of Form responses 1'!AN2:AN13) -> 4.6666667 | E10: =AVERAGE('Copy of Form responses 1'!AO2:AO13) -> 3.4166667 | F10: =AVERAGE('Copy of Form responses 1'!AP2:AP13) -> 4 | G10: =AVERAGE(C10:F10) -> 4.0208333
A13: PREFERENCE VOTES
A14: Theme | B14: GPT | C14: Gemini 3.5 Flash | D14: Gemini 3.1 Flash-Lite
A15: Theme 1 | B15: =COUNTIF(Form_Responses_2[Which theme 1 image would you choose for SUVARNA JEWELS’ Raksha Bandhan campaign? ],"Theme 1 Image A") -> 5 | C15: =COUNTIF(Form_Responses_2[Which theme 1 image would you choose for SUVARNA JEWELS’ Raksha Bandhan campaign? ],"Theme 1 Image B") -> 3 | D15: =COUNTIF(Form_Responses_2[Which theme 1 image would you choose for SUVARNA JEWELS’ Raksha Bandhan campaign? ],"Theme 1 Image C") -> 4
A16: Theme 2 | B16: =COUNTIF(Form_Responses_2[Which Theme 2 image would you choose for SUVARNA JEWELS’ Modern Raksha Bandhan jewellery campaign?], "Image A") -> 7 | C16: =COUNTIF(Form_Responses_2[Which Theme 2 image would you choose for SUVARNA JEWELS’ Modern Raksha Bandhan jewellery campaign?], "Image B") -> 3 | D16: =COUNTIF(Form_Responses_2[Which Theme 2 image would you choose for SUVARNA JEWELS’ Modern Raksha Bandhan jewellery campaign?], "Image C") -> 2
A17: Theme 3 | B17: =COUNTIF(Form_Responses_2[Which Theme 3 image would you choose for SUVARNA JEWELS’ Sibling-Gifting Raksha Bandhan campaign? ], "Image A") -> 10 | C17: =COUNTIF(Form_Responses_2[Which Theme 3 image would you choose for SUVARNA JEWELS’ Sibling-Gifting Raksha Bandhan campaign? ], "Image B") -> 1 | D17: =COUNTIF(Form_Responses_2[Which Theme 3 image would you choose for SUVARNA JEWELS’ Sibling-Gifting Raksha Bandhan campaign? ], "Image C") -> 1
A18: Total | B18: =SUM(B15:B17) -> 22 | C18: =SUM(C15:C17) -> 7 | D18: =SUM(D15:D17) -> 7
A20: Final model-wise average
A21: Model | B21: Visual Appeal | C21: Rakhi Relevance | D21: Text Accuracy | E21: E-commerce Usability | F21: Overall
A22: GPT | B22: =AVERAGE(C2,C5,C8) -> 4.25 | C22: =AVERAGE(D2,D5,D8) -> 4.1111111 | D22: =AVERAGE(E2,E5,E8) -> 4.3888889 | E22: =AVERAGE(F2,F5,F8) -> 4.3055556 | F22: =AVERAGE(B22:E22) -> 4.2638889
A23: Gemini 3.5 Flash | B23: =AVERAGE(C3,C6,C9) -> 3.9444444 | C23: =AVERAGE(D3,D6,D9) -> 4.0833333 | D23: =AVERAGE(E3,E6,E9) -> 3.9722222 | E23: =AVERAGE(F3,F6,F9) -> 3.9444444 | F23: =AVERAGE(B23:E23) -> 3.9861111
A24: Gemini 3.1 Flash-Lite | B24: =AVERAGE(C4,C7,C10) -> 4.1666667 | C24: =AVERAGE(D4,D7,D10) -> 4.1944444 | D24: =AVERAGE(E4,E7,E10) -> 3.9722222 | E24: =AVERAGE(F4,F7,F10) -> 4.0555556 | F24: =AVERAGE(B24:E24) -> 4.0972222

Sheet Model Analysis
A1: Column1 | B1: Image / Model | C1: Visual Appeal | D1: Rakhi Relevance | E1: Text Accuracy | F1: E-commerce Usability | G1: Overall Avg
A2: Theme 1 | B2: A - GPT | C2: =AVERAGE('Copy of Form responses 1'!E2:E13) -> 4.0833333 | D2: =AVERAGE('Copy of Form responses 1'!F2:F13) -> 3.75 | E2: =AVERAGE('Copy of Form responses 1'!G2:G13) -> 4.25 | F2: =AVERAGE('Copy of Form responses 1'!H2:H13) -> 4.25 | G2: =AVERAGE(C2:F2) -> 4.0833333
A3: Theme 1 | B3: B - Gemini 3.5 Flash | C3: =AVERAGE('Copy of Form responses 1'!I2:I13) -> 4.1666667 | D3: =AVERAGE('Copy of Form responses 1'!J2:J13) -> 4 | E3: =AVERAGE('Copy of Form responses 1'!K2:K13) -> 4.25 | F3: =AVERAGE('Copy of Form responses 1'!L2:L13) -> 4.1666667 | G3: =AVERAGE(C3:F3) -> 4.1458333
A4: Theme 1 | B4: C - Gemini 3.1 Flash-Lite | C4: =AVERAGE('Copy of Form responses 1'!M2:M13) -> 4.5833333 | D4: =AVERAGE('Copy of Form responses 1'!N2:N13) -> 4.1666667 | E4: =AVERAGE('Copy of Form responses 1'!O2:O13) -> 4.5 | F4: =AVERAGE('Copy of Form responses 1'!P2:P13) -> 4.25 | G4: =AVERAGE(C4:F4) -> 4.375
A5: Theme 2 | B5: A - GPT | C5: =AVERAGE('Copy of Form responses 1'!R2:R13) -> 4.1666667 | D5: =AVERAGE('Copy of Form responses 1'!S2:S13) -> 3.8333333 | E5: =AVERAGE('Copy of Form responses 1'!T2:T13) -> 4.25 | F5: =AVERAGE('Copy of Form responses 1'!U2:U13) -> 4.0833333 | G5: =AVERAGE(C5:F5) -> 4.0833333
A6: Theme 2 | B6: B - Gemini 3.5 Flash | C6: =AVERAGE('Copy of Form responses 1'!V2:V13) -> 3.9166667 | D6: =AVERAGE('Copy of Form responses 1'!W2:W13) -> 3.6666667 | E6: =AVERAGE('Copy of Form responses 1'!X2:X13) -> 3.5 | F6: =AVERAGE('Copy of Form responses 1'!Y2:Y13) -> 3.5833333 | G6: =AVERAGE(C6:F6) -> 3.6666667
A7: Theme 2 | B7: C - Gemini 3.1 Flash-Lite | C7: =AVERAGE('Copy of Form responses 1'!Z2:Z13) -> 3.9166667 | D7: =AVERAGE('Copy of Form responses 1'!AA2:AA13) -> 3.75 | E7: =AVERAGE('Copy of Form responses 1'!AB2:AB13) -> 4 | F7: =AVERAGE('Copy of Form responses 1'!AC2:AC13) -> 3.9166667 | G7: =AVERAGE(C7:F7) -> 3.8958333
A8: Theme 3 | B8: A - GPT | C8: =AVERAGE('Copy of Form responses 1'!AE2:AE13) -> 4.5 | D8: =AVERAGE('Copy of Form responses 1'!AF2:AF13) -> 4.75 | E8: =AVERAGE('Copy of Form responses 1'!AG2:AG13) -> 4.6666667 | F8: =AVERAGE('Copy of Form responses 1'!AH2:AH13) -> 4.5833333 | G8: =AVERAGE(C8:F8) -> 4.625
A9: Theme 3 | B9: B - Gemini 3.5 Flash | C9: =AVERAGE('Copy of Form responses 1'!AI2:AI13) -> 3.75 | D9: =AVERAGE('Copy of Form responses 1'!AJ2:AJ13) -> 4.5833333 | E9: =AVERAGE('Copy of Form responses 1'!AK2:AK13) -> 4.1666667 | F9: =AVERAGE('Copy of Form responses 1'!AL2:AL13) -> 4.0833333 | G9: =AVERAGE(C9:F9) -> 4.1458333
A10: Theme 3 | B10: C - Gemini 3.1 Flash-Lite | C10: =AVERAGE('Copy of Form responses 1'!AM2:AM13) -> 4 | D10: =AVERAGE('Copy of Form responses 1'!AN2:AN13) -> 4.6666667 | E10: =AVERAGE('Copy of Form responses 1'!AO2:AO13) -> 3.4166667 | F10: =AVERAGE('Copy of Form responses 1'!AP2:AP13) -> 4 | G10: =AVERAGE(C10:F10) -> 4.0208333

Sheet Overall Analysis
A1: Model | B1: Visual Appeal | C1: Rakhi Relevance | D1: Text Accuracy | E1: E-commerce Usability | F1: Overall
A2: GPT | B2: 4.25 | C2: 4.1111111 | D2: 4.3888889 | E2: 4.3055556 | F2: 4.2638889
A3: Gemini 3.5 Flash | B3: 3.9444444 | C3: 4.0833333 | D3: 3.9722222 | E3: 3.9444444 | F3: 3.9861111
A4: Gemini 3.1 Flash-Lite | B4: 4.1666667 | C4: 4.1944444 | D4: 3.9722222 | E4: 4.0555556 | F4: 4.0972222

Sheet Theme wise Analysis
A1: Theme | B1: GPT | C1: Gemini 3.5 Flash | D1: Gemini 3.1 Flash-Lite
A2: Theme 1 | B2: =COUNTIF(Form_Responses_2[Which theme 1 image would you choose for SUVARNA JEWELS’ Raksha Bandhan campaign? ],"Theme 1 Image A") -> 5 | C2: =COUNTIF(Form_Responses_2[Which theme 1 image would you choose for SUVARNA JEWELS’ Raksha Bandhan campaign? ],"Theme 1 Image B") -> 3 | D2: =COUNTIF(Form_Responses_2[Which theme 1 image would you choose for SUVARNA JEWELS’ Raksha Bandhan campaign? ],"Theme 1 Image C") -> 4
A3: Theme 2 | B3: =COUNTIF(Form_Responses_2[Which Theme 2 image would you choose for SUVARNA JEWELS’ Modern Raksha Bandhan jewellery campaign?], "Image A") -> 7 | C3: =COUNTIF(Form_Responses_2[Which Theme 2 image would you choose for SUVARNA JEWELS’ Modern Raksha Bandhan jewellery campaign?], "Image B") -> 3 | D3: =COUNTIF(Form_Responses_2[Which Theme 2 image would you choose for SUVARNA JEWELS’ Modern Raksha Bandhan jewellery campaign?], "Image C") -> 2
A4: Theme 3 | B4: =COUNTIF(Form_Responses_2[Which Theme 3 image would you choose for SUVARNA JEWELS’ Sibling-Gifting Raksha Bandhan campaign? ], "Image A") -> 10 | C4: =COUNTIF(Form_Responses_2[Which Theme 3 image would you choose for SUVARNA JEWELS’ Sibling-Gifting Raksha Bandhan campaign? ], "Image B") -> 1 | D4: =COUNTIF(Form_Responses_2[Which Theme 3 image would you choose for SUVARNA JEWELS’ Sibling-Gifting Raksha Bandhan campaign? ], "Image C") -> 1

Sheet Sheet2
